<?xml version="1.0" encoding="UTF-8" ?>
<!DOCTYPE struts PUBLIC
	"-//Apache Software Foundation//DTD Struts Configuration 2.5//EN"
	"http://struts.apache.org/dtds/struts-2.5.dtd">

<!-- START SNIPPET: xworkSample -->
<struts>
	<constant name="struts.configuration.xml.reload" value="true" />
	<!-- 重新加载struts文件 -->
	<constant name="struts.i18n.reload" value="true" />
	
	<package name="default" namespace="/" extends="struts-default">
		<action name="Demo" class="is.ajax.Demo" >
			<result name="success">/WEB-INF/demo.jsp</result>
		</action>
	</package>
    <package name="ajax_" namespace="/" extends="json-default">
		<action name="demo" class="is.ajax.Demo"  method="Ajax_">
			<result name="fail"></result>
            <result type="json">
                <param name="root">result</param>
            </result>
		</action>
	</package>
</struts>

<!-- END SNIPPET: xworkSample -->

